postgis_fi,lat_y_dd,long_x_dd,lastsurvey,recentspec,recentstat,Nest_ID
361,40.267502,-104.870872,2012-03-16,Swainsons Hawk,INACTIVE NEST,"361"
362,40.264321,-104.860255,2012-03-16,Swainsons Hawk,INACTIVE NEST,"362"
1,38.650081,-105.494251,2014-07-28,Swainsons Hawk,INACTIVE NEST,"1"
2,40.309574,-104.932604,2011-01-06,Swainsons Hawk,INACTIVE NEST,"2"
3,40.219343,-104.729246,2014-07-03,Swainsons Hawk,ACTIVE NEST,"3"
4,40.217638,-104.779386,2011-01-06,Red-tail Hawk,FLEDGED NEST,"4"
5,40.271203,-104.740819,2011-01-06,Swainsons Hawk,INACTIVE NEST,"5"
6,40.357587,-104.737632,2011-01-06,Swainsons Hawk,ACTIVE NEST,"6"
7,40.35966,-104.730698,2011-01-06,Swainsons Hawk,FLEDGED NEST,"7"
8,40.358919,-104.725179,2011-01-06,Red-tail Hawk,INACTIVE NEST,"8"
9,40.000189,-104.860463,2011-01-06,Swainsons Hawk,FLEDGED NEST,"9"
10,40.198163,-104.918726,2011-01-06,Swainsons Hawk,INACTIVE NEST,"10"
11,40.033635,-104.833716,2011-01-06,Red-tail Hawk,INACTIVE NEST,"11"
12,40.327655,-104.574845,2011-01-06,Red-tail Hawk,INACTIVE NEST,"12"
13,40.220769,-104.731024,2014-07-24,Swainsons Hawk,INACTIVE NEST,"13"
14,40.12669,-105.020896,2011-01-06,Swainsons Hawk,ACTIVE NEST,"14"
15,40.225065,-104.627044,2011-01-06,Red-tail Hawk,FLEDGED NEST,"15"
371,40.18432,-104.77275,2012-03-23,Swainsons Hawk,FLEDGED NEST,"371"
913,40.138876,-104.976541,2015-09-10,Red-tail Hawk,INACTIVE NEST,"913"
914,40.140884,-104.951201,2015-09-10,Red-tail Hawk,INACTIVE NEST,"914"
915,40.131518,-104.963308,2015-09-10,Red-tail Hawk,INACTIVE NEST,"915"
916,40.131956,-104.959158,2015-09-10,Swainsons Hawk,INACTIVE NEST,"916"
917,40.368366,-104.963993,2015-10-14,Red-tail Hawk,INACTIVE NEST,"917"
918,40.357932,-104.965152,2015-10-14,Red-tail Hawk,INACTIVE NEST,"918"
919,40.35701,-104.963257,2015-10-14,Swainsons Hawk,INACTIVE NEST,"919"
16,40.243589,-104.730385,2011-01-06,Swainsons Hawk,ACTIVE NEST,"16"
17,40.185072,-104.844298,2011-01-06,Red-tail Hawk,ACTIVE NEST,"17"
18,40.240403,-104.860404,2011-01-06,Red-tail Hawk,INACTIVE NEST,"18"
19,40.226344,-104.850214,2011-01-06,Red-tail Hawk,ACTIVE NEST,"19"
20,40.229449,-104.8522,2011-01-06,Red-tail Hawk,ACTIVE NEST,"20"
21,40.301935,-104.947598,2011-01-06,Swainsons Hawk,INACTIVE NEST,"21"
22,40.196557,-104.851282,2011-01-06,Swainsons Hawk,INACTIVE NEST,"22"
23,40.138615,-104.989487,2014-06-25,Swainsons Hawk,INACTIVE NEST,"23"
24,40.140795,-104.714801,2011-01-06,Red-tail Hawk,INACTIVE NEST,"24"
25,40.231893,-104.860162,2011-01-06,Red-tail Hawk,INACTIVE NEST,"25"
26,40.141795,-104.714559,2011-01-06,Swainsons Hawk,INACTIVE NEST,"26"
27,40.196828,-104.830056,2011-01-06,Red-tail Hawk,ACTIVE NEST,"27"
28,40.181554,-104.603392,2011-01-06,Red-tail Hawk,INACTIVE NEST,"28"
29,40.182014,-104.660659,2011-01-06,Red-tail Hawk,INACTIVE NEST,"29"
30,40.195063,-104.849572,2011-01-06,Swainsons Hawk,INACTIVE NEST,"30"
31,40.175037,-104.946548,2011-01-06,Swainsons Hawk,ACTIVE NEST,"31"
32,40.22518,-104.838378,2011-01-06,Red-tail Hawk,INACTIVE NEST,"32"
33,40.174755,-104.799249,2011-01-06,Red-tail Hawk,INACTIVE NEST,"33"
34,40.019042,-104.942779,2011-01-06,Red-tail Hawk,ACTIVE NEST,"34"
35,40.181961,-104.847581,2011-01-06,Red-tail Hawk,ACTIVE NEST,"35"
36,40.18421,-104.876609,2011-01-06,Swainsons Hawk,ACTIVE NEST,"36"
37,40.185009,-104.876566,2011-01-06,Red-tail Hawk,FLEDGED NEST,"37"
38,40.074776,-105.047018,2008-04-25,Red-tail Hawk,INACTIVE NEST,"38"
39,40.143726,-104.984522,2008-04-25,Red-tail Hawk,INACTIVE NEST,"39"
40,40.231198,-104.626507,2008-04-25,Red-tail Hawk,INACTIVE NEST,"40"
41,40.14024,-104.984017,2008-04-25,Red-tail Hawk,INACTIVE NEST,"41"
42,40.280158,-105.023386,2008-04-25,Swainsons Hawk,ACTIVE NEST,"42"
43,40.441386,-104.852749,2008-04-25,Swainsons Hawk,FLEDGED NEST,"43"
44,40.2483,-104.598365,2008-04-25,Red-tail Hawk,ACTIVE NEST,"44"
45,40.25945,-104.594912,2008-04-25,Red-tail Hawk,FLEDGED NEST,"45"
46,40.322534,-104.630024,2008-04-25,Swainsons Hawk,INACTIVE NEST,"46"
47,40.271404,-104.629232,2008-04-25,Swainsons Hawk,INACTIVE NEST,"47"
48,40.27624,-104.578685,2008-04-25,Red-tail Hawk,INACTIVE NEST,"48"
49,40.283779,-105.026692,2008-04-25,Red-tail Hawk,INACTIVE NEST,"49"
50,40.275573,-105.019373,2008-04-25,Red-tail Hawk,ACTIVE NEST,"50"
51,40.485335,-104.452276,2008-04-25,Swainsons Hawk,INACTIVE NEST,"51"
52,40.341314,-104.617747,2008-04-25,Red-tail Hawk,INACTIVE NEST,"52"
53,40.275542,-104.67526,2008-04-25,Swainsons Hawk,INACTIVE NEST,"53"
54,40.270743,-104.679423,2008-04-25,Swainsons Hawk,INACTIVE NEST,"54"
55,39.84752,-104.61775,2008-04-25,Swainsons Hawk,INACTIVE NEST,"55"
56,40.25559,-104.58366,2008-04-25,Swainsons Hawk,FLEDGED NEST,"56"
57,40.58071,-104.50874,2008-04-25,Swainsons Hawk,INACTIVE NEST,"57"
58,40.53128,-104.83036,2008-04-25,Red-tail Hawk,INACTIVE NEST,"58"
59,40.53205,-104.65707,2008-04-25,Red-tail Hawk,INACTIVE NEST,"59"
60,40.55687,-104.86309,2008-04-25,Red-tail Hawk,INACTIVE NEST,"60"
61,40.283752,-105.026892,2008-04-25,Red-tail Hawk,INACTIVE NEST,"61"
62,40.116947,-105.036532,2008-04-25,Swainsons Hawk,INACTIVE NEST,"62"
63,40.362427,-104.764271,2008-04-25,Swainsons Hawk,FLEDGED NEST,"63"
64,40.121593,-105.005058,2008-04-25,Red-tail Hawk,INACTIVE NEST,"64"
65,40.486637,-104.451427,2008-04-25,Swainsons Hawk,INACTIVE NEST,"65"
66,40.201173,-104.907319,2008-04-25,Red-tail Hawk,FLEDGED NEST,"66"
67,40.200841,-104.909011,2008-04-25,Red-tail Hawk,INACTIVE NEST,"67"
68,40.179032,-104.831177,2008-04-25,Red-tail Hawk,ACTIVE NEST,"68"
69,40.048844,-104.831487,2008-04-25,Red-tail Hawk,FLEDGED NEST,"69"
70,40.168236,-104.623535,2008-04-25,Swainsons Hawk,INACTIVE NEST,"70"
71,40.161225,-104.631465,2014-09-04,Red-tail Hawk,ACTIVE NEST,"71"
72,40.157045,-104.620332,2008-04-25,Swainsons Hawk,INACTIVE NEST,"72"
73,40.155659,-104.620748,2008-04-25,Red-tail Hawk,INACTIVE NEST,"73"
75,40.135336,-104.61632,2008-04-25,Swainsons Hawk,INACTIVE NEST,"75"
76,40.313602,-104.933598,2008-04-25,Red-tail Hawk,ACTIVE NEST,"76"
77,40.256101,-104.971308,2008-04-25,Swainsons Hawk,INACTIVE NEST,"77"
78,40.225608,-104.848821,2008-04-25,Red-tail Hawk,FLEDGED NEST,"78"
79,40.064704,-104.847137,2008-04-25,Red-tail Hawk,FLEDGED NEST,"79"
80,40.0586,-104.836715,2008-04-25,Swainsons Hawk,ACTIVE NEST,"80"
81,40.06284,-104.834489,2008-04-25,Swainsons Hawk,INACTIVE NEST,"81"
82,40.038086,-104.831619,2008-04-25,Red-tail Hawk,ACTIVE NEST,"82"
83,40.048069,-104.831336,2008-04-25,Red-tail Hawk,INACTIVE NEST,"83"
84,40.062771,-104.830749,2008-04-25,Swainsons Hawk,INACTIVE NEST,"84"
85,40.06178,-104.830306,2008-04-25,Red-tail Hawk,ACTIVE NEST,"85"
86,40.050671,-104.830275,2008-04-25,Swainsons Hawk,ACTIVE NEST,"86"
87,40.046409,-104.830121,2008-04-25,Red-tail Hawk,INACTIVE NEST,"87"
88,40.063599,-104.829832,2008-04-25,Swainsons Hawk,INACTIVE NEST,"88"
89,40.037714,-104.829709,2008-04-25,Red-tail Hawk,INACTIVE NEST,"89"
90,40.038471,-104.829695,2008-04-25,Red-tail Hawk,INACTIVE NEST,"90"
91,40.036795,-104.829582,2008-04-25,Swainsons Hawk,INACTIVE NEST,"91"
92,40.031947,-104.829477,2008-04-25,Swainsons Hawk,FLEDGED NEST,"92"
93,40.049804,-104.829175,2008-04-25,Red-tail Hawk,INACTIVE NEST,"93"
94,40.048244,-104.828065,2014-06-09,Red-tail Hawk,ACTIVE NEST,"94"
95,40.049477,-104.8271,2008-04-25,Red-tail Hawk,INACTIVE NEST,"95"
96,40.035529,-104.826561,2008-04-25,Red-tail Hawk,INACTIVE NEST,"96"
97,40.058384,-104.824545,2008-04-25,Swainsons Hawk,ACTIVE NEST,"97"
98,40.061459,-104.820562,2008-04-25,Red-tail Hawk,INACTIVE NEST,"98"
99,40.530799,-104.831797,2008-06-03,Swainsons Hawk,FLEDGED NEST,"99"
100,40.338229,-104.587601,2008-06-03,Red-tail Hawk,INACTIVE NEST,"100"
101,40.487824,-104.768116,2008-06-03,Swainsons Hawk,FLEDGED NEST,"101"
102,40.08835,-104.508468,2008-06-03,Swainsons Hawk,FLEDGED NEST,"102"
103,40.517867,-104.827522,2008-06-03,Red-tail Hawk,INACTIVE NEST,"103"
104,40.508454,-104.830224,2008-06-03,Red-tail Hawk,FLEDGED NEST,"104"
105,40.518207,-104.82783,2008-06-03,Red-tail Hawk,FLEDGED NEST,"105"
106,40.326908,-104.581231,2008-06-03,Swainsons Hawk,INACTIVE NEST,"106"
107,40.057375,-104.576964,2008-06-03,Red-tail Hawk,INACTIVE NEST,"107"
108,40.290293,-104.876666,2008-06-03,Swainsons Hawk,INACTIVE NEST,"108"
109,40.310841,-104.866732,2008-06-03,Red-tail Hawk,ACTIVE NEST,"109"
110,40.501811,-104.471308,2008-06-03,Red-tail Hawk,INACTIVE NEST,"110"
111,40.266192,-104.666249,2008-06-03,Red-tail Hawk,INACTIVE NEST,"111"
112,40.185024,-105.155517,2008-06-03,Red-tail Hawk,INACTIVE NEST,"112"
114,40.38259,-104.94166,2008-06-03,Swainsons Hawk,FLEDGED NEST,"114"
115,40.57187,-104.819655,2008-06-03,Red-tail Hawk,ACTIVE NEST,"115"
116,40.357831,-104.719123,2008-06-03,Red-tail Hawk,INACTIVE NEST,"116"
117,40.130134,-104.993051,2008-06-03,Red-tail Hawk,FLEDGED NEST,"117"
118,40.48504,-104.61311,2008-06-03,Red-tail Hawk,ACTIVE NEST,"118"
119,40.232609,-104.730173,2014-07-16,Swainsons Hawk,INACTIVE NEST,"119"
121,40.235751,-104.744902,2014-07-18,Red-tail Hawk,INACTIVE NEST,"121"
122,40.272105,-104.934651,2014-04-30,Swainsons Hawk,ACTIVE NEST,"122"
123,40.275357,-104.93313,2014-07-23,Red-tail Hawk,FLEDGED NEST,"123"
124,40.476414,-104.794357,2008-06-03,Swainsons Hawk,FLEDGED NEST,"124"
125,40.338705,-104.587316,2008-06-03,Red-tail Hawk,FLEDGED NEST,"125"
126,40.347629,-104.591041,2008-06-03,Swainsons Hawk,INACTIVE NEST,"126"
127,40.193263,-104.918913,2014-07-11,Swainsons Hawk,ACTIVE NEST,"127"
128,40.419094,-104.864786,2009-02-16,Red-tail Hawk,FLEDGED NEST,"128"
129,40.420177,-104.86661,2009-02-16,Swainsons Hawk,ACTIVE NEST,"129"
130,40.182479,-105.021958,2009-02-16,Swainsons Hawk,ACTIVE NEST,"130"
131,40.177304,-104.832708,2009-02-16,Red-tail Hawk,INACTIVE NEST,"131"
132,40.293525,-104.826139,2009-02-16,Red-tail Hawk,FLEDGED NEST,"132"
133,40.293302,-104.827081,2009-02-16,Swainsons Hawk,INACTIVE NEST,"133"
134,40.295341,-104.829523,2009-02-16,Red-tail Hawk,INACTIVE NEST,"134"
135,40.239064,-104.560988,2009-02-16,Red-tail Hawk,ACTIVE NEST,"135"
136,40.236308,-104.561158,2009-02-16,Swainsons Hawk,INACTIVE NEST,"136"
137,40.161485,-104.736432,2009-02-16,Red-tail Hawk,INACTIVE NEST,"137"
138,40.167251,-104.895186,2009-09-21,Red-tail Hawk,ACTIVE NEST,"138"
139,40.174632,-104.908529,2009-09-21,Red-tail Hawk,FLEDGED NEST,"139"
140,40.168164,-104.889043,2009-09-21,Red-tail Hawk,ACTIVE NEST,"140"
141,40.168317,-104.888796,2009-09-21,Red-tail Hawk,INACTIVE NEST,"141"
142,39.850724,-104.362036,2009-09-21,Red-tail Hawk,ACTIVE NEST,"142"
143,40.222794,-104.728426,2014-08-14,Red-tail Hawk,ACTIVE NEST,"143"
144,40.153272,-104.849557,2009-09-21,Swainsons Hawk,FLEDGED NEST,"144"
145,40.193823,-104.909103,2009-09-21,Red-tail Hawk,FLEDGED NEST,"145"
146,40.034008,-104.869171,2009-09-21,Red-tail Hawk,INACTIVE NEST,"146"
147,40.072767,-104.7324,2009-09-21,Red-tail Hawk,INACTIVE NEST,"147"
148,40.167169,-104.624985,2009-09-21,Red-tail Hawk,FLEDGED NEST,"148"
149,40.169002,-104.623601,2009-09-21,Red-tail Hawk,INACTIVE NEST,"149"
151,40.103025,-105.044244,2009-09-21,Red-tail Hawk,INACTIVE NEST,"151"
152,40.132348,-104.617414,2014-08-13,Red-tail Hawk,ACTIVE NEST,"152"
153,40.135256,-104.616223,2009-09-21,Red-tail Hawk,INACTIVE NEST,"153"
154,40.1125,-105.051913,2009-09-21,Red-tail Hawk,FLEDGED NEST,"154"
155,40.076103,-105.006404,2009-09-21,Red-tail Hawk,INACTIVE NEST,"155"
156,40.170812,-104.997346,2014-03-28,Swainsons Hawk,FLEDGED NEST,"156"
157,40.145261,-104.80076,2009-09-21,Red-tail Hawk,INACTIVE NEST,"157"
158,40.006736,-104.950838,2009-12-01,Swainsons Hawk,INACTIVE NEST,"158"
159,40.29972,-104.661765,2009-12-01,Swainsons Hawk,INACTIVE NEST,"159"
160,40.289884,-104.668438,2009-12-01,Swainsons Hawk,INACTIVE NEST,"160"
161,40.292939,-104.671882,2009-12-01,Swainsons Hawk,ACTIVE NEST,"161"
162,40.293358,-104.673633,2009-12-01,Red-tail Hawk,ACTIVE NEST,"162"
163,40.226344,-104.789309,2009-12-01,Red-tail Hawk,ACTIVE NEST,"163"
164,40.159268,-104.832881,2009-12-01,Swainsons Hawk,INACTIVE NEST,"164"
165,40.160131,-104.831494,2009-12-01,Red-tail Hawk,INACTIVE NEST,"165"
166,40.21755,-104.778994,2009-12-01,Red-tail Hawk,ACTIVE NEST,"166"
167,40.136026,-104.987064,2014-06-25,Swainsons Hawk,FLEDGED NEST,"167"
168,40.145528,-104.969699,2014-06-25,Red-tail Hawk,INACTIVE NEST,"168"
169,39.91276,-104.778561,2010-03-23,Red-tail Hawk,FLEDGED NEST,"169"
170,39.919324,-104.785643,2010-03-23,Swainsons Hawk,INACTIVE NEST,"170"
171,39.91862,-104.789916,2010-03-23,Swainsons Hawk,ACTIVE NEST,"171"
173,40.072903,-104.895859,2010-03-23,Red-tail Hawk,INACTIVE NEST,"173"
174,40.166473,-104.851078,2014-06-26,Red-tail Hawk,ACTIVE NEST,"174"
175,40.160287,-104.861343,2010-03-23,Swainsons Hawk,INACTIVE NEST,"175"
176,40.162092,-104.848625,2014-06-26,Swainsons Hawk,ACTIVE NEST,"176"
177,40.356638,-104.853652,2010-03-23,Red-tail Hawk,INACTIVE NEST,"177"
178,40.174502,-104.928179,2010-03-23,Red-tail Hawk,ACTIVE NEST,"178"
179,40.341031,-104.838486,2010-03-23,Red-tail Hawk,INACTIVE NEST,"179"
180,40.338924,-104.838773,2010-03-23,Red-tail Hawk,INACTIVE NEST,"180"
181,40.235283,-104.933358,2010-03-23,Red-tail Hawk,ACTIVE NEST,"181"
182,40.201741,-104.983809,2010-03-23,Red-tail Hawk,ACTIVE NEST,"182"
184,39.977388,-104.893334,2010-03-23,Red-tail Hawk,INACTIVE NEST,"184"
185,39.98485,-104.905527,2010-03-23,Swainsons Hawk,INACTIVE NEST,"185"
186,40.174497,-104.758157,2010-03-23,Red-tail Hawk,INACTIVE NEST,"186"
187,40.169435,-104.640757,2010-03-23,Red-tail Hawk,INACTIVE NEST,"187"
188,40.140847,-104.714829,2010-03-23,Red-tail Hawk,ACTIVE NEST,"188"
189,40.099861,-105.014888,2010-10-26,Swainsons Hawk,ACTIVE NEST,"189"
190,40.177878,-104.960722,2014-08-15,Red-tail Hawk,INACTIVE NEST,"190"
191,40.07458,-104.985551,2010-10-26,Red-tail Hawk,INACTIVE NEST,"191"
192,40.061201,-105.005382,2010-10-26,Red-tail Hawk,ACTIVE NEST,"192"
193,40.372327,-104.443097,2010-10-26,Red-tail Hawk,ACTIVE NEST,"193"
194,40.371026,-104.449951,2010-10-26,Swainsons Hawk,FLEDGED NEST,"194"
195,40.131129,-104.668929,2010-10-26,Red-tail Hawk,FLEDGED NEST,"195"
196,40.112731,-104.948514,2011-04-06,Red-tail Hawk,ACTIVE NEST,"196"
197,40.061725,-104.848436,2011-04-06,Swainsons Hawk,ACTIVE NEST,"197"
198,40.113723,-104.949271,2011-04-06,Red-tail Hawk,ACTIVE NEST,"198"
199,40.172293,-104.784592,2011-04-06,Red-tail Hawk,INACTIVE NEST,"199"
200,40.126929,-104.814651,2011-04-06,Red-tail Hawk,INACTIVE NEST,"200"
201,40.145757,-104.779728,2011-04-06,Swainsons Hawk,INACTIVE NEST,"201"
202,40.268263,-104.743564,2011-04-06,Swainsons Hawk,INACTIVE NEST,"202"
203,40.150653,-104.980521,2011-04-06,Red-tail Hawk,ACTIVE NEST,"203"
204,40.152757,-104.815532,2011-04-06,Red-tail Hawk,INACTIVE NEST,"204"
205,40.148665,-104.826989,2011-04-06,Red-tail Hawk,INACTIVE NEST,"205"
206,40.147341,-104.825788,2011-04-06,Red-tail Hawk,INACTIVE NEST,"206"
207,40.134698,-104.828673,2011-04-06,Swainsons Hawk,ACTIVE NEST,"207"
208,40.14708,-104.834212,2011-04-06,Red-tail Hawk,INACTIVE NEST,"208"
209,40.13957,-104.825099,2011-04-06,Red-tail Hawk,INACTIVE NEST,"209"
210,40.128951,-104.774438,2014-08-13,Red-tail Hawk,INACTIVE NEST,"210"
211,40.122824,-104.709241,2011-04-06,Red-tail Hawk,INACTIVE NEST,"211"
212,40.121872,-104.709205,2011-04-06,Red-tail Hawk,FLEDGED NEST,"212"
213,40.123081,-104.709844,2011-04-06,Swainsons Hawk,INACTIVE NEST,"213"
214,40.125323,-104.715126,2011-04-06,Red-tail Hawk,ACTIVE NEST,"214"
215,40.150356,-104.727755,2015-07-17,Swainsons Hawk,INACTIVE NEST,"215"
216,40.153737,-104.734575,2011-04-06,Swainsons Hawk,ACTIVE NEST,"216"
217,40.187351,-104.696651,2011-04-06,Red-tail Hawk,INACTIVE NEST,"217"
218,40.131003,-104.819187,2011-04-06,Red-tail Hawk,FLEDGED NEST,"218"
219,40.247995,-104.709889,2011-04-06,Red-tail Hawk,INACTIVE NEST,"219"
220,40.20476,-104.731688,2014-07-09,Swainsons Hawk,INACTIVE NEST,"220"
221,40.203464,-104.764686,2011-04-06,Swainsons Hawk,INACTIVE NEST,"221"
222,40.209897,-104.772162,2014-06-10,Swainsons Hawk,FLEDGED NEST,"222"
223,40.196331,-104.777856,2011-04-06,Red-tail Hawk,INACTIVE NEST,"223"
224,40.287577,-104.658659,2011-04-06,Red-tail Hawk,INACTIVE NEST,"224"
225,40.321585,-104.902831,2011-04-06,Swainsons Hawk,INACTIVE NEST,"225"
226,40.26126,-104.83005,2011-04-06,Swainsons Hawk,INACTIVE NEST,"226"
227,40.134202,-104.846785,2011-04-06,Swainsons Hawk,FLEDGED NEST,"227"
228,40.303645,-104.639123,2011-04-06,Red-tail Hawk,INACTIVE NEST,"228"
229,40.287961,-104.657788,2011-04-06,Swainsons Hawk,INACTIVE NEST,"229"
230,40.139559,-104.674827,2015-03-19,Red-tail Hawk,ACTIVE NEST,"230"
231,40.182995,-104.976268,2011-04-06,Red-tail Hawk,FLEDGED NEST,"231"
232,40.311822,-104.598844,2011-04-06,Red-tail Hawk,ACTIVE NEST,"232"
233,40.344244,-104.877918,2011-04-06,Swainsons Hawk,FLEDGED NEST,"233"
234,40.190365,-104.852526,2014-05-12,Red-tail Hawk,FLEDGED NEST,"234"
235,40.191627,-104.854105,2011-04-06,Red-tail Hawk,ACTIVE NEST,"235"
236,40.352189,-104.834265,2011-04-06,Swainsons Hawk,ACTIVE NEST,"236"
237,40.284446,-104.859843,2011-04-06,Swainsons Hawk,INACTIVE NEST,"237"
238,40.130103,-104.655518,2015-07-28,Red-tail Hawk,ACTIVE NEST,"238"
239,40.141795,-104.714559,2011-04-06,Swainsons Hawk,INACTIVE NEST,"239"
240,40.140795,-104.714801,2011-04-06,Swainsons Hawk,FLEDGED NEST,"240"
241,40.354755,-104.815219,2011-04-06,Swainsons Hawk,FLEDGED NEST,"241"
242,40.219212,-104.938508,2014-03-24,Swainsons Hawk,FLEDGED NEST,"242"
243,40.2342,-104.753392,2011-04-06,Swainsons Hawk,ACTIVE NEST,"243"
244,40.233822,-104.854233,2011-04-06,Swainsons Hawk,INACTIVE NEST,"244"
246,40.280609,-104.855574,2011-04-06,Red-tail Hawk,ACTIVE NEST,"246"
247,40.282149,-104.85632,2011-04-06,Red-tail Hawk,FLEDGED NEST,"247"
248,40.083363,-104.973908,2011-04-06,Red-tail Hawk,INACTIVE NEST,"248"
249,40.35496,-104.815277,2011-04-06,Red-tail Hawk,INACTIVE NEST,"249"
250,40.26248,-104.632276,2011-04-06,Swainsons Hawk,ACTIVE NEST,"250"
251,40.094522,-104.794962,2011-04-06,Red-tail Hawk,INACTIVE NEST,"251"
252,40.135756,-104.602597,2011-04-06,Swainsons Hawk,INACTIVE NEST,"252"
253,40.157458,-104.618074,2011-04-06,Swainsons Hawk,INACTIVE NEST,"253"
254,40.156475,-104.870785,2015-08-10,Swainsons Hawk,FLEDGED NEST,"254"
255,40.166938,-104.650126,2011-04-06,Red-tail Hawk,INACTIVE NEST,"255"
256,40.074878,-104.775723,2011-04-06,Red-tail Hawk,INACTIVE NEST,"256"
257,40.040354,-104.976636,2011-04-06,Red-tail Hawk,INACTIVE NEST,"257"
258,40.082473,-104.972632,2011-04-06,Swainsons Hawk,FLEDGED NEST,"258"
259,40.369841,-104.630526,2011-04-06,Red-tail Hawk,INACTIVE NEST,"259"
260,40.356707,-104.815209,2011-04-06,Swainsons Hawk,ACTIVE NEST,"260"
261,40.184555,-104.842425,2011-04-06,Red-tail Hawk,INACTIVE NEST,"261"
262,40.221135,-104.752757,2014-06-26,Swainsons Hawk,ACTIVE NEST,"262"
263,40.217543,-104.967378,2011-04-06,Swainsons Hawk,INACTIVE NEST,"263"
264,40.238115,-104.633649,2011-04-06,Red-tail Hawk,ACTIVE NEST,"264"
265,40.139405,-104.67469,2015-03-03,Red-tail Hawk,ACTIVE NEST,"265"
266,40.14141,-104.659302,2011-04-06,Red-tail Hawk,INACTIVE NEST,"266"
267,40.152424,-104.655317,2011-04-06,Red-tail Hawk,INACTIVE NEST,"267"
268,40.132348,-104.876502,2015-03-17,Swainsons Hawk,FLEDGED NEST,"268"
269,40.13096,-104.867264,2011-04-06,Red-tail Hawk,INACTIVE NEST,"269"
270,40.271286,-104.680353,2011-04-06,Swainsons Hawk,INACTIVE NEST,"270"
271,40.149666,-104.871301,2015-07-27,Red-tail Hawk,INACTIVE NEST,"271"
272,40.149492,-104.8725,2015-07-27,Red-tail Hawk,FLEDGED NEST,"272"
273,40.15034,-104.872404,2015-07-27,Red-tail Hawk,ACTIVE NEST,"273"
274,40.246646,-104.730501,2011-04-06,Red-tail Hawk,INACTIVE NEST,"274"
276,40.246662,-104.731529,2011-04-06,Swainsons Hawk,INACTIVE NEST,"276"
277,40.24669,-104.728128,2011-04-06,Swainsons Hawk,ACTIVE NEST,"277"
278,40.215623,-104.650392,2011-04-06,Red-tail Hawk,INACTIVE NEST,"278"
279,40.215362,-104.650986,2011-04-06,Red-tail Hawk,ACTIVE NEST,"279"
280,40.264665,-104.665357,2011-04-06,Red-tail Hawk,ACTIVE NEST,"280"
281,40.265551,-104.666134,2011-04-06,Red-tail Hawk,ACTIVE NEST,"281"
282,40.246151,-104.711471,2011-08-02,Red-tail Hawk,INACTIVE NEST,"282"
283,39.979003,-104.960247,2011-08-02,Swainsons Hawk,INACTIVE NEST,"283"
284,39.940391,-105.024798,2011-08-02,Red-tail Hawk,ACTIVE NEST,"284"
285,40.155977,-104.637058,2011-08-02,Swainsons Hawk,ACTIVE NEST,"285"
286,40.140005,-104.675341,2015-03-19,Swainsons Hawk,ACTIVE NEST,"286"
287,40.140923,-104.676326,2015-03-19,Swainsons Hawk,ACTIVE NEST,"287"
288,40.262209,-104.677883,2011-08-02,Red-tail Hawk,FLEDGED NEST,"288"
289,40.151287,-104.73021,2014-04-08,Red-tail Hawk,INACTIVE NEST,"289"
290,40.151167,-104.729671,2014-04-08,Swainsons Hawk,ACTIVE NEST,"290"
291,40.152257,-104.668938,2011-08-02,Red-tail Hawk,INACTIVE NEST,"291"
292,40.478033,-104.594495,2011-11-07,Swainsons Hawk,INACTIVE NEST,"292"
293,40.106174,-105.041608,2011-11-07,Swainsons Hawk,INACTIVE NEST,"293"
294,40.104407,-104.981466,2011-11-07,Swainsons Hawk,INACTIVE NEST,"294"
295,40.137484,-104.859462,2011-11-07,Swainsons Hawk,FLEDGED NEST,"295"
296,40.131479,-104.930555,2011-11-07,Red-tail Hawk,ACTIVE NEST,"296"
297,40.149371,-104.713464,2015-06-02,Swainsons Hawk,ACTIVE NEST,"297"
298,40.21415,-104.902777,2011-11-07,Red-tail Hawk,ACTIVE NEST,"298"
299,40.106174,-105.041608,2011-11-07,Swainsons Hawk,INACTIVE NEST,"299"
300,40.199408,-104.989102,2011-11-07,Red-tail Hawk,ACTIVE NEST,"300"
301,40.174876,-105.002315,2011-11-07,Red-tail Hawk,INACTIVE NEST,"301"
302,40.261584,-104.692032,2011-11-07,Swainsons Hawk,INACTIVE NEST,"302"
303,40.030949,-104.693082,2011-12-29,Swainsons Hawk,ACTIVE NEST,"303"
304,40.163862,-104.584823,2011-12-29,Swainsons Hawk,ACTIVE NEST,"304"
305,40.199161,-104.916275,2011-12-29,Red-tail Hawk,INACTIVE NEST,"305"
306,40.36628,-104.6398,2011-12-29,Red-tail Hawk,ACTIVE NEST,"306"
307,40.178074,-104.858927,2015-04-03,Red-tail Hawk,ACTIVE NEST,"307"
308,40.318213,-104.818666,2011-12-29,Swainsons Hawk,INACTIVE NEST,"308"
309,40.152794,-104.80164,2011-12-29,Red-tail Hawk,ACTIVE NEST,"309"
310,40.100899,-104.783573,2015-06-02,Swainsons Hawk,ACTIVE NEST,"310"
311,40.102859,-104.77759,2012-01-09,Swainsons Hawk,INACTIVE NEST,"311"
312,40.091474,-104.762668,2012-01-09,Swainsons Hawk,INACTIVE NEST,"312"
313,40.099226,-104.760892,2012-01-09,Swainsons Hawk,INACTIVE NEST,"313"
314,40.134344,-104.631084,2012-01-09,Swainsons Hawk,INACTIVE NEST,"314"
315,40.210835,-104.588448,2012-01-09,Red-tail Hawk,ACTIVE NEST,"315"
316,40.076373,-104.774093,2012-01-25,Red-tail Hawk,INACTIVE NEST,"316"
317,40.075321,-104.775908,2014-08-12,Red-tail Hawk,ACTIVE NEST,"317"
318,40.147013,-104.652264,2015-08-05,Swainsons Hawk,ACTIVE NEST,"318"
319,40.358378,-104.632159,2012-01-25,Swainsons Hawk,ACTIVE NEST,"319"
320,40.353379,-104.639655,2012-01-25,Swainsons Hawk,ACTIVE NEST,"320"
321,40.255879,-104.629572,2012-01-25,Red-tail Hawk,ACTIVE NEST,"321"
322,40.211309,-104.64166,2012-01-25,Red-tail Hawk,ACTIVE NEST,"322"
323,40.203439,-104.616571,2014-08-11,Swainsons Hawk,ACTIVE NEST,"323"
324,40.344228,-104.878427,2012-02-02,Swainsons Hawk,ACTIVE NEST,"324"
325,40.155485,-104.62063,2012-02-02,Red-tail Hawk,FLEDGED NEST,"325"
326,40.313547,-104.93944,2012-02-02,Red-tail Hawk,INACTIVE NEST,"326"
327,40.3144,-104.943768,2012-02-02,Red-tail Hawk,ACTIVE NEST,"327"
328,40.315032,-104.944199,2012-02-02,Red-tail Hawk,INACTIVE NEST,"328"
329,40.085519,-104.82367,2012-02-02,Swainsons Hawk,INACTIVE NEST,"329"
330,40.188799,-104.789955,2012-01-26,Red-tail Hawk,INACTIVE NEST,"330"
331,40.152506,-104.885623,2015-06-15,Red-tail Hawk,ACTIVE NEST,"331"
332,39.985402,-104.958097,2012-02-22,Red-tail Hawk,INACTIVE NEST,"332"
333,40.277929,-104.791153,2012-02-15,Swainsons Hawk,ACTIVE NEST,"333"
334,40.029277,-104.93009,2012-02-21,Red-tail Hawk,ACTIVE NEST,"334"
335,40.119698,-104.857566,2014-06-27,Swainsons Hawk,FLEDGED NEST,"335"
336,40.153101,-104.859217,2012-02-20,Swainsons Hawk,INACTIVE NEST,"336"
337,40.127027,-104.855385,2012-02-20,Red-tail Hawk,INACTIVE NEST,"337"
339,40.174565,-104.799958,2012-02-16,Red-tail Hawk,INACTIVE NEST,"339"
340,40.083223,-104.834509,2012-02-23,Red-tail Hawk,ACTIVE NEST,"340"
341,40.21262,-104.985669,2014-05-23,Red-tail Hawk,INACTIVE NEST,"341"
342,40.106899,-104.582751,2012-02-23,Red-tail Hawk,INACTIVE NEST,"342"
343,40.196136,-104.983544,2012-02-28,Red-tail Hawk,ACTIVE NEST,"343"
344,40.084122,-105.04277,2012-02-28,Red-tail Hawk,INACTIVE NEST,"344"
345,40.154667,-104.697329,2012-02-27,Swainsons Hawk,ACTIVE NEST,"345"
346,40.188559,-104.79852,2015-05-21,Red-tail Hawk,ACTIVE NEST,"346"
347,40.264254,-104.644595,2012-03-20,Red-tail Hawk,INACTIVE NEST,"347"
349,40.114406,-104.914947,2012-03-07,Red-tail Hawk,FLEDGED NEST,"349"
350,40.116332,-104.918641,2012-03-07,Swainsons Hawk,ACTIVE NEST,"350"
351,40.000229,-104.936089,2014-08-11,Swainsons Hawk,ACTIVE NEST,"351"
352,40.21408,-104.731594,2012-03-12,Red-tail Hawk,INACTIVE NEST,"352"
353,40.191684,-104.918584,2014-07-11,Red-tail Hawk,INACTIVE NEST,"353"
354,40.192761,-104.880877,2015-06-03,Red-tail Hawk,INACTIVE NEST,"354"
355,40.265616,-104.690035,2012-03-12,Red-tail Hawk,ACTIVE NEST,"355"
356,40.268805,-104.679099,2012-03-12,Swainsons Hawk,ACTIVE NEST,"356"
357,40.042871,-104.834745,2012-03-12,Swainsons Hawk,ACTIVE NEST,"357"
358,40.183567,-104.949293,2012-03-13,Red-tail Hawk,INACTIVE NEST,"358"
359,40.046595,-104.847898,2012-03-13,Red-tail Hawk,FLEDGED NEST,"359"
360,40.278868,-104.863219,2012-03-16,Red-tail Hawk,INACTIVE NEST,"360"
363,40.364271,-104.69341,2012-03-20,Red-tail Hawk,ACTIVE NEST,"363"
364,40.148307,-104.868891,2015-05-25,Swainsons Hawk,ACTIVE NEST,"364"
365,40.256261,-104.64149,2012-03-21,Red-tail Hawk,ACTIVE NEST,"365"
366,40.118331,-104.76429,2012-03-21,Swainsons Hawk,ACTIVE NEST,"366"
367,40.062901,-104.944153,2012-03-22,Red-tail Hawk,INACTIVE NEST,"367"
368,40.058641,-104.947295,2014-06-27,Swainsons Hawk,INACTIVE NEST,"368"
369,40.056179,-104.952111,2012-03-22,Swainsons Hawk,INACTIVE NEST,"369"
370,40.057326,-104.991755,2015-03-16,Red-tail Hawk,INACTIVE NEST,"370"
372,40.184154,-104.79073,2012-03-23,Red-tail Hawk,INACTIVE NEST,"372"
373,40.220262,-104.794656,2012-03-23,Red-tail Hawk,INACTIVE NEST,"373"
374,40.08229,-105.056277,2012-03-27,Swainsons Hawk,FLEDGED NEST,"374"
375,40.040933,-104.888351,2012-03-26,Red-tail Hawk,INACTIVE NEST,"375"
376,40.174547,-104.660696,2012-03-26,Red-tail Hawk,INACTIVE NEST,"376"
377,40.246299,-104.817491,2012-03-28,Red-tail Hawk,ACTIVE NEST,"377"
378,40.088143,-105.056657,2012-03-28,Swainsons Hawk,INACTIVE NEST,"378"
379,40.052378,-105.056543,2012-03-28,Swainsons Hawk,FLEDGED NEST,"379"
380,40.152118,-104.833449,2015-05-13,Swainsons Hawk,COULD NOT SEE NEST,"380"
381,40.061601,-105.070819,2012-04-02,Red-tail Hawk,INACTIVE NEST,"381"
382,40.156484,-104.634434,2012-04-02,Red-tail Hawk,INACTIVE NEST,"382"
384,40.07692,-105.048404,2012-03-28,Red-tail Hawk,INACTIVE NEST,"384"
385,40.194885,-104.917294,2012-03-21,Red-tail Hawk,INACTIVE NEST,"385"
386,40.36621,-104.724344,2012-04-02,Red-tail Hawk,INACTIVE NEST,"386"
387,40.364475,-104.724588,2012-04-02,Swainsons Hawk,INACTIVE NEST,"387"
388,40.070181,-105.082313,2012-04-02,Swainsons Hawk,INACTIVE NEST,"388"
389,40.070443,-105.082199,2012-04-03,Red-tail Hawk,ACTIVE NEST,"389"
390,40.069743,-105.082893,2012-04-03,Red-tail Hawk,FLEDGED NEST,"390"
391,40.063128,-105.078256,2012-04-05,Swainsons Hawk,FLEDGED NEST,"391"
392,40.072526,-105.058164,2012-04-10,Swainsons Hawk,FLEDGED NEST,"392"
393,40.073476,-105.059253,2012-04-10,Swainsons Hawk,INACTIVE NEST,"393"
394,40.075617,-105.058242,2012-04-10,Swainsons Hawk,FLEDGED NEST,"394"
395,40.128348,-104.775117,2014-07-16,Swainsons Hawk,INACTIVE NEST,"395"
396,40.11526,-104.523864,2012-04-10,Red-tail Hawk,INACTIVE NEST,"396"
397,40.088083,-105.060019,2012-04-20,Swainsons Hawk,INACTIVE NEST,"397"
398,40.034287,-104.821529,2012-04-20,Red-tail Hawk,ACTIVE NEST,"398"
399,40.24872,-105.019012,2012-04-20,Swainsons Hawk,INACTIVE NEST,"399"
400,40.239242,-104.741844,2014-07-01,Red-tail Hawk,INACTIVE NEST,"400"
401,40.248357,-104.570674,2012-04-24,Red-tail Hawk,ACTIVE NEST,"401"
402,40.203174,-104.808378,2012-04-24,Red-tail Hawk,ACTIVE NEST,"402"
403,40.163827,-104.698141,2015-03-20,Red-tail Hawk,INACTIVE NEST,"403"
404,40.135424,-104.533612,2012-04-26,Swainsons Hawk,ACTIVE NEST,"404"
405,40.135394,-104.533934,2012-04-26,Red-tail Hawk,INACTIVE NEST,"405"
406,40.089825,-104.650531,2012-05-01,Swainsons Hawk,FLEDGED NEST,"406"
407,40.171205,-104.778215,2012-05-03,Swainsons Hawk,INACTIVE NEST,"407"
408,40.292164,-104.840259,2012-05-04,Swainsons Hawk,INACTIVE NEST,"408"
409,40.292875,-104.837499,2012-05-04,Red-tail Hawk,INACTIVE NEST,"409"
410,40.290282,-104.832042,2012-05-04,Red-tail Hawk,INACTIVE NEST,"410"
411,40.187981,-104.696635,2012-05-02,Red-tail Hawk,ACTIVE NEST,"411"
412,40.225609,-104.898646,2012-05-15,Red-tail Hawk,INACTIVE NEST,"412"
413,40.231662,-104.894256,2015-04-29,Swainsons Hawk,ACTIVE NEST,"413"
414,40.231724,-104.893405,2015-04-29,Red-tail Hawk,FLEDGED NEST,"414"
415,40.220341,-104.897814,2014-07-23,Red-tail Hawk,ACTIVE NEST,"415"
416,40.220561,-104.89822,2014-07-23,Swainsons Hawk,FLEDGED NEST,"416"
417,40.074834,-104.866516,2012-05-23,Swainsons Hawk,INACTIVE NEST,"417"
418,40.156999,-104.621248,2012-06-20,Swainsons Hawk,INACTIVE NEST,"418"
419,40.16984,-104.621656,2012-06-22,Red-tail Hawk,INACTIVE NEST,"419"
420,40.16545,-104.626297,2012-06-22,Swainsons Hawk,INACTIVE NEST,"420"
422,40.169939,-104.628483,2015-06-15,Swainsons Hawk,ACTIVE NEST,"422"
423,40.154704,-104.63367,2012-06-26,Red-tail Hawk,FLEDGED NEST,"423"
424,40.173603,-104.659021,2012-06-29,Swainsons Hawk,INACTIVE NEST,"424"
425,40.145475,-104.650133,2015-08-18,Red-tail Hawk,ACTIVE NEST,"425"
426,40.143885,-104.823773,2012-07-26,Swainsons Hawk,INACTIVE NEST,"426"
427,40.149272,-104.799008,2012-08-02,Red-tail Hawk,ACTIVE NEST,"427"
428,40.116684,-104.696935,2012-08-20,Red-tail Hawk,INACTIVE NEST,"428"
429,40.046318,-104.957099,2012-08-20,Red-tail Hawk,INACTIVE NEST,"429"
430,40.159847,-104.803209,2012-08-22,Swainsons Hawk,INACTIVE NEST,"430"
431,40.115587,-104.662464,2012-08-22,Swainsons Hawk,INACTIVE NEST,"431"
432,40.253886,-104.881135,2012-11-01,Red-tail Hawk,ACTIVE NEST,"432"
433,40.160526,-104.902249,2012-11-15,Red-tail Hawk,INACTIVE NEST,"433"
434,40.161518,-104.897589,2012-11-15,Red-tail Hawk,INACTIVE NEST,"434"
435,40.194807,-104.775235,2012-11-15,Swainsons Hawk,FLEDGED NEST,"435"
436,40.2614,-104.760508,2012-11-15,Swainsons Hawk,FLEDGED NEST,"436"
437,40.273219,-104.723507,2012-12-17,Swainsons Hawk,ACTIVE NEST,"437"
438,40.124142,-104.478172,2014-07-02,Red-tail Hawk,ACTIVE NEST,"438"
439,40.100542,-104.853529,2013-01-02,Swainsons Hawk,INACTIVE NEST,"439"
440,40.254487,-105.013128,2013-01-10,Red-tail Hawk,INACTIVE NEST,"440"
441,40.07284,-104.706793,2012-01-22,Swainsons Hawk,ACTIVE NEST,"441"
442,40.075815,-104.719874,2012-01-22,Swainsons Hawk,INACTIVE NEST,"442"
443,40.07728,-104.723581,2012-01-22,Swainsons Hawk,INACTIVE NEST,"443"
444,40.077568,-104.724635,2012-01-22,Swainsons Hawk,FLEDGED NEST,"444"
445,40.057277,-104.707944,2015-03-16,Red-tail Hawk,INACTIVE NEST,"445"
446,40.05776,-104.713706,2014-05-30,Red-tail Hawk,INACTIVE NEST,"446"
447,40.055376,-104.715741,2012-01-22,Red-tail Hawk,ACTIVE NEST,"447"
448,40.231099,-105.036718,2001-01-01,Red-tail Hawk,INACTIVE NEST,"448"
449,40.115536,-104.612293,2001-01-01,Red-tail Hawk,INACTIVE NEST,"449"
450,40.11469,-104.722833,2001-01-01,Red-tail Hawk,INACTIVE NEST,"450"
451,40.1098,-104.732706,2001-01-01,Red-tail Hawk,INACTIVE NEST,"451"
452,40.041956,-104.730136,2014-08-04,Red-tail Hawk,FLEDGED NEST,"452"
453,40.221081,-104.734608,2014-06-30,Red-tail Hawk,INACTIVE NEST,"453"
456,40.276135,-104.699309,2013-01-22,Red-tail Hawk,FLEDGED NEST,"456"
457,40.157993,-104.731947,2015-06-02,Swainsons Hawk,ACTIVE NEST,"457"
458,40.157239,-104.774645,2013-02-07,Swainsons Hawk,ACTIVE NEST,"458"
459,40.159647,-104.77995,2013-02-07,Swainsons Hawk,ACTIVE NEST,"459"
460,40.168107,-104.601595,2013-02-07,Swainsons Hawk,ACTIVE NEST,"460"
461,40.383361,-104.469869,2013-02-07,Swainsons Hawk,ACTIVE NEST,"461"
462,40.384095,-104.46962,2013-02-07,Red-tail Hawk,INACTIVE NEST,"462"
463,40.092503,-104.783367,2013-02-11,Swainsons Hawk,INACTIVE NEST,"463"
464,40.188537,-104.858553,2013-02-11,Swainsons Hawk,INACTIVE NEST,"464"
465,40.077373,-104.844303,2013-02-15,Swainsons Hawk,INACTIVE NEST,"465"
466,40.174122,-104.797219,2013-02-15,Red-tail Hawk,INACTIVE NEST,"466"
467,40.094807,-104.639638,2013-02-18,Swainsons Hawk,INACTIVE NEST,"467"
468,40.095102,-104.639069,2013-02-18,Red-tail Hawk,INACTIVE NEST,"468"
469,40.093728,-104.630483,2013-02-18,Swainsons Hawk,INACTIVE NEST,"469"
470,40.085874,-104.647813,2013-02-18,Swainsons Hawk,INACTIVE NEST,"470"
471,40.167399,-104.727734,2014-07-01,Swainsons Hawk,INACTIVE NEST,"471"
472,40.167323,-104.727519,2014-07-08,Swainsons Hawk,INACTIVE NEST,"472"
474,40.169617,-104.72899,2014-07-08,Red-tail Hawk,ACTIVE NEST,"474"
475,40.088617,-104.777281,2013-02-28,Swainsons Hawk,INACTIVE NEST,"475"
477,40.42535,-104.927347,2013-02-28,Red-tail Hawk,INACTIVE NEST,"477"
478,40.217809,-104.76229,2014-08-12,Swainsons Hawk,INACTIVE NEST,"478"
479,40.244873,-104.776036,2013-02-28,Red-tail Hawk,INACTIVE NEST,"479"
480,40.334324,-104.672058,2013-03-07,Red-tail Hawk,ACTIVE NEST,"480"
481,39.910257,-104.609313,2013-03-08,Red-tail Hawk,INACTIVE NEST,"481"
482,39.904092,-104.613772,2013-03-08,Swainsons Hawk,FLEDGED NEST,"482"
483,40.149496,-104.798867,2013-03-15,Swainsons Hawk,INACTIVE NEST,"483"
484,40.108005,-104.62784,2013-03-26,Red-tail Hawk,FLEDGED NEST,"484"
485,40.143427,-104.824443,2013-03-28,Red-tail Hawk,FLEDGED NEST,"485"
486,40.153413,-105.006099,2014-06-12,Red-tail Hawk,INACTIVE NEST,"486"
487,40.153448,-105.007037,2014-06-12,Red-tail Hawk,INACTIVE NEST,"487"
488,40.15353,-105.011743,2014-06-12,Red-tail Hawk,INACTIVE NEST,"488"
489,40.147126,-104.834183,2013-04-01,Red-tail Hawk,ACTIVE NEST,"489"
490,40.047249,-104.912561,2015-05-22,Red-tail Hawk,INACTIVE NEST,"490"
491,40.186283,-104.833181,2013-04-08,Swainsons Hawk,ACTIVE NEST,"491"
492,40.428188,-104.877336,2013-04-18,Red-tail Hawk,ACTIVE NEST,"492"
493,40.43107,-104.878834,2013-04-18,Swainsons Hawk,INACTIVE NEST,"493"
494,40.002751,-104.637966,2015-03-31,Swainsons Hawk,FLEDGED NEST,"494"
495,40.426404,-104.862143,2013-04-29,Red-tail Hawk,INACTIVE NEST,"495"
496,40.113644,-104.879604,2014-08-08,Swainsons Hawk,INACTIVE NEST,"496"
497,40.114793,-104.874733,2014-06-27,Swainsons Hawk,FLEDGED NEST,"497"
498,40.217682,-104.842382,2013-05-10,Red-tail Hawk,INACTIVE NEST,"498"
499,40.086938,-104.844586,2013-05-10,Red-tail Hawk,ACTIVE NEST,"499"
500,40.073798,-104.854342,2013-05-10,Red-tail Hawk,INACTIVE NEST,"500"
501,40.264797,-104.644643,2013-05-12,Red-tail Hawk,ACTIVE NEST,"501"
502,40.081288,-104.705919,2014-04-04,Red-tail Hawk,INACTIVE NEST,"502"
503,40.256159,-105.041811,2013-05-15,Red-tail Hawk,INACTIVE NEST,"503"
504,40.252492,-105.035065,2013-05-15,Red-tail Hawk,INACTIVE NEST,"504"
505,39.774086,-104.578664,2013-05-20,Red-tail Hawk,INACTIVE NEST,"505"
506,40.286377,-104.981243,2013-05-22,Red-tail Hawk,ACTIVE NEST,"506"
507,40.275576,-104.995183,2013-05-22,Red-tail Hawk,INACTIVE NEST,"507"
508,40.122197,-105.046264,2013-05-30,Red-tail Hawk,INACTIVE NEST,"508"
509,40.110208,-104.921951,2015-05-25,Swainsons Hawk,ACTIVE NEST,"509"
510,40.181907,-104.735009,2013-06-05,Red-tail Hawk,INACTIVE NEST,"510"
511,40.181594,-104.734128,2013-06-05,Swainsons Hawk,ACTIVE NEST,"511"
512,40.205062,-104.941363,2014-06-26,Red-tail Hawk,INACTIVE NEST,"512"
513,40.102755,-104.661643,2013-06-25,Red-tail Hawk,FLEDGED NEST,"513"
514,40.188867,-104.781752,2013-07-05,Red-tail Hawk,FLEDGED NEST,"514"
515,40.217306,-104.752947,2014-06-26,Red-tail Hawk,ACTIVE NEST,"515"
516,38.716288,-102.780064,2013-07-17,Swainsons Hawk,ACTIVE NEST,"516"
517,40.17215,-104.912054,2013-08-14,Red-tail Hawk,ACTIVE NEST,"517"
518,40.191213,-104.985276,2013-08-07,Swainsons Hawk,FLEDGED NEST,"518"
519,39.706215,-104.490168,2013-09-03,Swainsons Hawk,INACTIVE NEST,"519"
520,39.720095,-104.501319,2013-09-03,Red-tail Hawk,ACTIVE NEST,"520"
521,39.722349,-104.507234,2014-04-30,Swainsons Hawk,INACTIVE NEST,"521"
522,39.721994,-104.506153,2014-03-19,Swainsons Hawk,FLEDGED NEST,"522"
523,40.017505,-104.890439,2013-09-10,Red-tail Hawk,ACTIVE NEST,"523"
524,39.663377,-104.492027,2014-06-25,Red-tail Hawk,INACTIVE NEST,"524"
525,39.665841,-104.49571,2014-06-25,Swainsons Hawk,INACTIVE NEST,"525"
526,40.253831,-104.742982,2014-08-05,Red-tail Hawk,INACTIVE NEST,"526"
527,39.951494,-104.678279,2013-09-20,Red-tail Hawk,ACTIVE NEST,"527"
528,40.018512,-104.840555,2013-09-23,Swainsons Hawk,INACTIVE NEST,"528"
529,40.155501,-104.841323,2015-07-30,Red-tail Hawk,INACTIVE NEST,"529"
530,40.0882,-104.72628,2013-09-25,Swainsons Hawk,INACTIVE NEST,"530"
531,40.202935,-104.906966,2013-10-28,Swainsons Hawk,INACTIVE NEST,"531"
532,40.198874,-104.905752,2013-10-28,Swainsons Hawk,INACTIVE NEST,"532"
533,40.091995,-104.727442,2012-01-04,Red-tail Hawk,INACTIVE NEST,"533"
534,40.175777,-104.971375,2012-02-09,Swainsons Hawk,INACTIVE NEST,"534"
535,40.253274,-104.882798,2013-11-01,Red-tail Hawk,INACTIVE NEST,"535"
536,40.246571,-104.887487,2013-11-01,Red-tail Hawk,FLEDGED NEST,"536"
537,39.997766,-104.892051,2013-11-11,Red-tail Hawk,ACTIVE NEST,"537"
538,40.001643,-104.89007,2013-11-11,Red-tail Hawk,INACTIVE NEST,"538"
539,40.002373,-104.89277,2013-11-11,Swainsons Hawk,INACTIVE NEST,"539"
540,40.009434,-104.88601,2013-11-11,Swainsons Hawk,INACTIVE NEST,"540"
541,40.097691,-104.886646,2013-11-12,Red-tail Hawk,INACTIVE NEST,"541"
542,40.080442,-104.763974,2014-08-14,Swainsons Hawk,INACTIVE NEST,"542"
543,40.08038,-104.765508,2014-06-26,Red-tail Hawk,INACTIVE NEST,"543"
544,40.080478,-104.765846,2014-06-26,Red-tail Hawk,ACTIVE NEST,"544"
545,40.115528,-104.750983,2013-11-18,Swainsons Hawk,ACTIVE NEST,"545"
546,40.046762,-104.727475,2014-08-25,Red-tail Hawk,FLEDGED NEST,"546"
547,40.163024,-104.907662,2001-01-01,Red-tail Hawk,ACTIVE NEST,"547"
548,40.179115,-104.883909,2001-01-01,Red-tail Hawk,INACTIVE NEST,"548"
549,40.058711,-104.696613,2015-04-09,Swainsons Hawk,INACTIVE NEST,"549"
550,40.053399,-104.707708,2013-12-13,Swainsons Hawk,INACTIVE NEST,"550"
551,40.054514,-104.714975,2013-12-13,Red-tail Hawk,INACTIVE NEST,"551"
552,40.055445,-104.743379,2014-07-28,Red-tail Hawk,INACTIVE NEST,"552"
553,40.05418,-104.724117,2013-12-13,Swainsons Hawk,ACTIVE NEST,"553"
554,40.053319,-104.718144,2014-03-12,Red-tail Hawk,INACTIVE NEST,"554"
555,40.204087,-104.781522,2015-06-03,Swainsons Hawk,ACTIVE NEST,"555"
556,40.519546,-104.425077,2014-01-09,Swainsons Hawk,INACTIVE NEST,"556"
557,40.506102,-104.426284,2014-01-21,Red-tail Hawk,INACTIVE NEST,"557"
558,40.220369,-105.005604,2014-01-14,Red-tail Hawk,INACTIVE NEST,"558"
559,40.218537,-105.004401,2014-01-14,Swainsons Hawk,ACTIVE NEST,"559"
560,40.006685,-104.924118,2014-06-30,Swainsons Hawk,FLEDGED NEST,"560"
562,40.069075,-105.080478,2014-01-24,Swainsons Hawk,ACTIVE NEST,"562"
563,40.171607,-104.994224,2014-01-27,Red-tail Hawk,FLEDGED NEST,"563"
564,40.174858,-104.997134,2014-01-27,Swainsons Hawk,ACTIVE NEST,"564"
565,40.361603,-104.690793,2012-02-21,Swainsons Hawk,FLEDGED NEST,"565"
566,40.317102,-104.892519,2008-06-03,Swainsons Hawk,ACTIVE NEST,"566"
568,40.043829,-104.834488,2008-04-25,Red-tail Hawk,ACTIVE NEST,"568"
570,40.19478,-104.924198,2014-07-02,Swainsons Hawk,INACTIVE NEST,"570"
571,40.153918,-104.869539,2015-07-27,Swainsons Hawk,ACTIVE NEST,"571"
572,40.154659,-104.872059,2015-07-27,Red-tail Hawk,INACTIVE NEST,"572"
573,40.154672,-104.883844,2015-06-15,Swainsons Hawk,FLEDGED NEST,"573"
576,40.081966,-105.042336,2008-04-25,Swainsons Hawk,ACTIVE NEST,"576"
578,40.233321,-104.75046,2008-06-03,Swainsons Hawk,FLEDGED NEST,"578"
579,40.176497,-104.753992,2008-06-03,Swainsons Hawk,ACTIVE NEST,"579"
581,40.204284,-104.996855,2014-05-23,Red-tail Hawk,INACTIVE NEST,"581"
583,40.173976,-104.649694,2010-03-23,Red-tail Hawk,ACTIVE NEST,"583"
587,40.163857,-104.701504,2015-03-20,Red-tail Hawk,INACTIVE NEST,"587"
589,40.204444,-104.659728,2015-08-05,Red-tail Hawk,ACTIVE NEST,"589"
592,40.17407,-104.798651,2012-02-16,Red-tail Hawk,ACTIVE NEST,"592"
593,40.131319,-104.535197,2012-04-26,Swainsons Hawk,ACTIVE NEST,"593"
595,40.133256,-104.535601,2014-05-28,Red-tail Hawk,FLEDGED NEST,"595"
597,40.159136,-104.772457,2012-04-18,Swainsons Hawk,ACTIVE NEST,"597"
599,40.168574,-104.728329,2014-07-01,Swainsons Hawk,INACTIVE NEST,"599"
600,40.08913,-104.789991,2015-05-29,Swainsons Hawk,ACTIVE NEST,"600"
601,40.212003,-104.735018,2014-06-11,Swainsons Hawk,ACTIVE NEST,"601"
604,40.145299,-104.847265,2012-03-15,Red-tail Hawk,FLEDGED NEST,"604"
605,40.149313,-104.868506,2015-08-24,Red-tail Hawk,FLEDGED NEST,"605"
606,40.163148,-104.730683,2015-05-21,Swainsons Hawk,FLEDGED NEST,"606"
607,40.055123,-104.914582,2013-03-11,Swainsons Hawk,ACTIVE NEST,"607"
608,40.133214,-104.699581,2013-01-14,Red-tail Hawk,ACTIVE NEST,"608"
609,40.045669,-104.910625,2015-05-22,Swainsons Hawk,FLEDGED NEST,"609"
610,40.074548,-104.853894,2012-05-11,Swainsons Hawk,INACTIVE NEST,"610"
611,40.118906,-104.919397,2012-02-20,Swainsons Hawk,FLEDGED NEST,"611"
613,40.177265,-104.73071,2014-05-14,Red-tail Hawk,ACTIVE NEST,"613"
615,40.014783,-104.876709,2011-04-06,Swainsons Hawk,FLEDGED NEST,"615"
616,40.190203,-104.960839,2011-08-02,Swainsons Hawk,FLEDGED NEST,"616"
619,40.084241,-104.769835,2014-07-10,Swainsons Hawk,ACTIVE NEST,"619"
620,40.202507,-104.782831,2015-06-03,Swainsons Hawk,FLEDGED NEST,"620"
621,40.205151,-104.785368,2015-06-03,Swainsons Hawk,INACTIVE NEST,"621"
622,40.1675,-104.908421,2001-01-01,Red-tail Hawk,ACTIVE NEST,"622"
623,40.18339,-104.976463,2014-07-01,Swainsons Hawk,ACTIVE NEST,"623"
624,40.215434,-104.768225,2014-08-26,Swainsons Hawk,INACTIVE NEST,"624"
625,40.342442,-104.607387,2014-02-12,Red-tail Hawk,INACTIVE NEST,"625"
626,40.344629,-104.608208,2014-02-12,Red-tail Hawk,INACTIVE NEST,"626"
627,40.346952,-104.616202,2014-02-12,Swainsons Hawk,ACTIVE NEST,"627"
628,40.350712,-104.611594,2014-02-12,Swainsons Hawk,ACTIVE NEST,"628"
629,40.331013,-104.605259,2014-02-12,Red-tail Hawk,ACTIVE NEST,"629"
630,40.34153,-104.607302,2014-02-12,Red-tail Hawk,FLEDGED NEST,"630"
631,40.343787,-104.608239,2014-02-12,Red-tail Hawk,FLEDGED NEST,"631"
632,40.190041,-104.951165,2014-07-28,Red-tail Hawk,FLEDGED NEST,"632"
633,40.763038,-103.833793,2001-01-01,Swainsons Hawk,INACTIVE NEST,"633"
634,40.114726,-104.872927,2014-06-27,Red-tail Hawk,FLEDGED NEST,"634"
635,40.117916,-104.867303,2014-03-14,Swainsons Hawk,ACTIVE NEST,"635"
636,40.120936,-104.866081,2014-06-27,Red-tail Hawk,FLEDGED NEST,"636"
637,40.062555,-104.867218,2014-02-18,Red-tail Hawk,FLEDGED NEST,"637"
638,40.057893,-104.866191,2014-02-18,Red-tail Hawk,ACTIVE NEST,"638"
639,40.060584,-104.877656,2014-02-18,Swainsons Hawk,FLEDGED NEST,"639"
640,40.218902,-104.743998,2014-02-18,Red-tail Hawk,INACTIVE NEST,"640"
641,40.131299,-104.884866,2014-05-13,Red-tail Hawk,ACTIVE NEST,"641"
642,40.118858,-104.867296,2014-03-14,Red-tail Hawk,INACTIVE NEST,"642"
643,40.119125,-104.867317,2014-03-14,Swainsons Hawk,ACTIVE NEST,"643"
644,40.116925,-104.857001,2014-06-27,Swainsons Hawk,ACTIVE NEST,"644"
645,40.112774,-104.86176,2014-02-21,Red-tail Hawk,INACTIVE NEST,"645"
646,40.373552,-104.986001,2014-02-21,Red-tail Hawk,INACTIVE NEST,"646"
647,40.002918,-104.929847,2014-06-02,Red-tail Hawk,INACTIVE NEST,"647"
648,40.152741,-104.842546,2015-07-30,Swainsons Hawk,FLEDGED NEST,"648"
649,40.180393,-104.853128,2014-06-26,Swainsons Hawk,FLEDGED NEST,"649"
650,40.173905,-104.851228,2014-02-25,Red-tail Hawk,FLEDGED NEST,"650"
651,40.189085,-104.868416,2014-02-25,Red-tail Hawk,ACTIVE NEST,"651"
652,40.192006,-104.868079,2014-06-26,Red-tail Hawk,INACTIVE NEST,"652"
653,40.196504,-104.870773,2014-06-26,Red-tail Hawk,ACTIVE NEST,"653"
654,40.005176,-104.924061,2014-06-30,Red-tail Hawk,INACTIVE NEST,"654"
655,40.2437,-105.021106,2014-04-04,Swainsons Hawk,INACTIVE NEST,"655"
656,39.722176,-104.502404,2014-06-25,Red-tail Hawk,INACTIVE NEST,"656"
657,40.114875,-104.869256,2014-08-22,Swainsons Hawk,ACTIVE NEST,"657"
658,40.203626,-104.865479,2001-01-01,Swainsons Hawk,INACTIVE NEST,"658"
659,40.715299,-103.967722,2014-03-05,Red-tail Hawk,FLEDGED NEST,"659"
660,40.714279,-103.931881,2014-03-05,Red-tail Hawk,INACTIVE NEST,"660"
661,40.76687,-103.927997,2001-01-01,Swainsons Hawk,ACTIVE NEST,"661"
662,40.164109,-104.72832,2015-05-28,Red-tail Hawk,INACTIVE NEST,"662"
663,40.179217,-104.956557,2014-07-28,Swainsons Hawk,FLEDGED NEST,"663"
664,40.130784,-104.616117,2014-08-06,Red-tail Hawk,FLEDGED NEST,"664"
665,40.130122,-104.61485,2014-07-02,Swainsons Hawk,INACTIVE NEST,"665"
666,40.130342,-104.442643,2014-07-02,Red-tail Hawk,FLEDGED NEST,"666"
667,40.014015,-104.708203,2014-03-31,Swainsons Hawk,INACTIVE NEST,"667"
668,40.014076,-104.705552,2014-03-10,Swainsons Hawk,INACTIVE NEST,"668"
669,40.007415,-104.709152,2014-03-12,Swainsons Hawk,INACTIVE NEST,"669"
670,40.15201,-104.904802,2014-07-17,Swainsons Hawk,INACTIVE NEST,"670"
671,40.13286,-104.849173,2015-04-08,Swainsons Hawk,ACTIVE NEST,"671"
672,40.130083,-104.849601,2015-04-08,Swainsons Hawk,INACTIVE NEST,"672"
673,40.217665,-104.763919,2014-07-01,Red-tail Hawk,FLEDGED NEST,"673"
674,40.217761,-104.762332,2014-03-20,Red-tail Hawk,INACTIVE NEST,"674"
675,40.056484,-104.706722,2014-03-13,Red-tail Hawk,INACTIVE NEST,"675"
676,40.057626,-104.709359,2015-03-16,Swainsons Hawk,ACTIVE NEST,"676"
677,40.226016,-104.753695,2014-04-21,Red-tail Hawk,FLEDGED NEST,"677"
678,40.167594,-104.914218,2014-05-22,Swainsons Hawk,ACTIVE NEST,"678"
679,40.159332,-104.729709,2014-08-19,Swainsons Hawk,INACTIVE NEST,"679"
680,40.218045,-104.772817,2014-07-01,Red-tail Hawk,INACTIVE NEST,"680"
681,40.043554,-104.914539,2014-07-28,Swainsons Hawk,INACTIVE NEST,"681"
682,40.226181,-104.981216,2014-07-09,Red-tail Hawk,ACTIVE NEST,"682"
683,40.234208,-104.738605,2014-04-21,Swainsons Hawk,INACTIVE NEST,"683"
684,40.234696,-104.738716,2014-04-21,Swainsons Hawk,INACTIVE NEST,"684"
685,40.247769,-104.736746,2014-06-30,Red-tail Hawk,ACTIVE NEST,"685"
686,40.216575,-104.735262,2014-06-25,Swainsons Hawk,INACTIVE NEST,"686"
687,40.066795,-104.964769,2014-07-04,Red-tail Hawk,ACTIVE NEST,"687"
688,40.062524,-104.963227,2014-07-04,Swainsons Hawk,INACTIVE NEST,"688"
689,40.232334,-104.76497,2014-08-12,Red-tail Hawk,ACTIVE NEST,"689"
690,40.132375,-104.568767,2014-07-02,Red-tail Hawk,INACTIVE NEST,"690"
691,40.767296,-103.957711,2014-04-28,Swainsons Hawk,FLEDGED NEST,"691"
692,40.766159,-103.956056,2014-04-28,Red-tail Hawk,INACTIVE NEST,"692"
693,40.058686,-104.696342,2015-04-09,Red-tail Hawk,INACTIVE NEST,"693"
694,40.190024,-104.741981,2014-08-11,Swainsons Hawk,INACTIVE NEST,"694"
695,40.207136,-104.736419,2014-08-25,Red-tail Hawk,FLEDGED NEST,"695"
696,40.221899,-104.955789,2014-05-06,Red-tail Hawk,FLEDGED NEST,"696"
697,40.241876,-104.755668,2014-04-29,Red-tail Hawk,INACTIVE NEST,"697"
698,40.233527,-104.782516,2014-04-29,Swainsons Hawk,FLEDGED NEST,"698"
699,40.102352,-104.688175,2014-05-06,Red-tail Hawk,INACTIVE NEST,"699"
700,40.178945,-104.959562,2014-08-05,Red-tail Hawk,INACTIVE NEST,"700"
701,40.04404,-104.969459,2014-07-03,Swainsons Hawk,INACTIVE NEST,"701"
702,40.227933,-104.899195,2014-06-25,Red-tail Hawk,ACTIVE NEST,"702"
703,40.232375,-104.896231,2014-07-02,Swainsons Hawk,ACTIVE NEST,"703"
704,40.251735,-104.92972,2014-05-02,Swainsons Hawk,INACTIVE NEST,"704"
705,40.2488,-104.90481,2014-05-02,Swainsons Hawk,INACTIVE NEST,"705"
706,40.045241,-104.729023,2014-06-06,Swainsons Hawk,INACTIVE NEST,"706"
707,40.045033,-104.728369,2014-06-06,Red-tail Hawk,INACTIVE NEST,"707"
708,40.080241,-104.884338,2014-08-08,Red-tail Hawk,INACTIVE NEST,"708"
709,40.24579,-104.857154,2014-05-06,Swainsons Hawk,INACTIVE NEST,"709"
710,39.666796,-104.49277,2014-08-13,Red-tail Hawk,ACTIVE NEST,"710"
711,40.222577,-104.716224,2014-07-16,Red-tail Hawk,INACTIVE NEST,"711"
712,40.131662,-104.550615,2014-07-02,Swainsons Hawk,INACTIVE NEST,"712"
713,40.129442,-104.616235,2014-05-07,Swainsons Hawk,INACTIVE NEST,"713"
714,40.179719,-104.731512,2014-05-14,Swainsons Hawk,INACTIVE NEST,"714"
715,40.180354,-104.731287,2014-05-14,Swainsons Hawk,INACTIVE NEST,"715"
716,40.145459,-104.514679,2014-05-08,Swainsons Hawk,INACTIVE NEST,"716"
717,40.145382,-104.513688,2014-05-08,Red-tail Hawk,INACTIVE NEST,"717"
718,40.139999,-104.50993,2014-05-08,Swainsons Hawk,INACTIVE NEST,"718"
719,40.139634,-104.509618,2014-05-08,Red-tail Hawk,ACTIVE NEST,"719"
720,40.218525,-104.736353,2014-07-17,Swainsons Hawk,INACTIVE NEST,"720"
721,40.169628,-104.729036,2014-08-08,Swainsons Hawk,ACTIVE NEST,"721"
722,40.131339,-104.568967,2014-07-16,Red-tail Hawk,INACTIVE NEST,"722"
723,39.593478,-104.61136,2014-08-06,Swainsons Hawk,ACTIVE NEST,"723"
724,40.095345,-105.052232,2014-07-04,Swainsons Hawk,FLEDGED NEST,"724"
725,40.095427,-105.052139,2014-07-04,Red-tail Hawk,ACTIVE NEST,"725"
726,40.071159,-104.877581,2014-05-19,Red-tail Hawk,INACTIVE NEST,"726"
727,40.670095,-103.844686,2014-05-19,Red-tail Hawk,ACTIVE NEST,"727"
728,40.220058,-104.773594,2014-05-20,Swainsons Hawk,INACTIVE NEST,"728"
729,40.089963,-104.895394,2015-08-04,Red-tail Hawk,COULD NOT SEE NEST,"729"
730,40.192263,-104.999965,2014-06-30,Red-tail Hawk,INACTIVE NEST,"730"
731,40.219078,-104.572431,2014-05-21,Swainsons Hawk,INACTIVE NEST,"731"
733,40.747046,-104.127542,2014-05-22,Swainsons Hawk,FLEDGED NEST,"733"
734,40.058512,-104.711227,2015-03-16,Red-tail Hawk,INACTIVE NEST,"734"
735,40.29417,-104.58417,2014-05-22,Swainsons Hawk,ACTIVE NEST,"735"
736,40.24046,-104.769973,2014-08-18,Red-tail Hawk,ACTIVE NEST,"736"
738,40.210536,-104.603507,2015-05-22,Red-tail Hawk,ACTIVE NEST,"738"
739,40.097143,-105.050443,2014-05-30,Red-tail Hawk,INACTIVE NEST,"739"
740,40.736617,-104.01014,2014-05-30,Swainsons Hawk,FLEDGED NEST,"740"
741,40.18093,-104.743978,2014-06-30,Red-tail Hawk,INACTIVE NEST,"741"
742,40.056203,-104.998153,2015-03-16,Swainsons Hawk,INACTIVE NEST,"742"
743,40.157332,-104.699975,2014-08-20,Red-tail Hawk,FLEDGED NEST,"743"
744,40.131071,-104.436444,2014-09-03,Red-tail Hawk,INACTIVE NEST,"744"
745,40.128743,-104.889718,2014-07-07,Swainsons Hawk,INACTIVE NEST,"745"
746,40.127869,-104.889398,2014-07-07,Swainsons Hawk,INACTIVE NEST,"746"
747,40.130538,-104.891832,2014-07-07,Red-tail Hawk,ACTIVE NEST,"747"
748,40.013468,-104.867062,2014-08-12,Red-tail Hawk,ACTIVE NEST,"748"
750,40.237904,-104.755382,2014-09-08,Red-tail Hawk,INACTIVE NEST,"750"
751,40.229707,-104.899845,2014-07-23,Red-tail Hawk,FLEDGED NEST,"751"
752,40.123029,-104.880452,2014-08-29,Red-tail Hawk,INACTIVE NEST,"752"
753,40.160537,-104.951215,2014-07-28,Red-tail Hawk,ACTIVE NEST,"753"
754,40.14276,-104.970574,2015-07-29,Swainsons Hawk,FLEDGED NEST,"754"
755,40.152561,-104.971582,2014-08-04,Red-tail Hawk,INACTIVE NEST,"755"
756,41.032797,-104.618381,2014-07-15,Red-tail Hawk,ACTIVE NEST,"756"
757,40.156563,-104.702112,2014-08-20,Red-tail Hawk,INACTIVE NEST,"757"
758,40.029629,-104.18802,2014-07-21,Red-tail Hawk,INACTIVE NEST,"758"
759,40.496333,-104.468521,2014-08-04,Red-tail Hawk,INACTIVE NEST,"759"
760,40.136541,-104.616818,2014-08-11,Red-tail Hawk,INACTIVE NEST,"760"
761,40.136699,-104.616358,2014-08-11,Red-tail Hawk,ACTIVE NEST,"761"
762,40.124757,-104.687827,2015-06-23,Red-tail Hawk,INACTIVE NEST,"762"
763,40.122542,-104.678205,2015-07-09,Swainsons Hawk,ACTIVE NEST,"763"
764,40.145783,-104.670606,2014-08-25,Red-tail Hawk,ACTIVE NEST,"764"
765,40.407689,-104.547373,2014-08-28,Red-tail Hawk,FLEDGED NEST,"765"
766,40.407244,-104.5469,2014-08-28,Swainsons Hawk,FLEDGED NEST,"766"
767,40.408195,-104.549049,2014-08-28,Red-tail Hawk,INACTIVE NEST,"767"
768,40.40766,-104.54886,2014-08-28,Red-tail Hawk,INACTIVE NEST,"768"
769,40.406134,-104.547919,2014-08-28,Red-tail Hawk,INACTIVE NEST,"769"
770,40.072697,-104.807251,2014-09-05,Swainsons Hawk,ACTIVE NEST,"770"
771,40.093782,-104.777319,2014-09-15,Red-tail Hawk,ACTIVE NEST,"771"
772,40.018738,-105.032221,2014-09-18,Red-tail Hawk,INACTIVE NEST,"772"
773,40.022134,-105.02509,2014-09-18,Swainsons Hawk,ACTIVE NEST,"773"
774,40.098251,-104.799487,2014-09-23,Swainsons Hawk,FLEDGED NEST,"774"
775,40.211738,-104.983514,2014-09-26,Swainsons Hawk,INACTIVE NEST,"775"
776,40.178226,-104.982696,2014-09-30,Swainsons Hawk,FLEDGED NEST,"776"
777,40.713212,-103.863233,2014-10-06,Red-tail Hawk,INACTIVE NEST,"777"
778,40.125346,-104.669534,2015-07-09,Red-tail Hawk,INACTIVE NEST,"778"
779,40.031991,-104.831698,2014-10-23,Red-tail Hawk,INACTIVE NEST,"779"
780,40.030724,-104.831725,2014-10-23,Red-tail Hawk,INACTIVE NEST,"780"
781,40.030571,-104.831618,2014-10-23,Swainsons Hawk,INACTIVE NEST,"781"
782,40.031764,-104.847177,2014-10-23,Red-tail Hawk,INACTIVE NEST,"782"
783,40.145476,-104.983441,2014-10-23,Red-tail Hawk,ACTIVE NEST,"783"
784,40.08761,-104.726389,2014-10-23,Red-tail Hawk,INACTIVE NEST,"784"
785,40.089324,-104.724389,2014-10-23,Swainsons Hawk,ACTIVE NEST,"785"
786,40.088982,-104.723592,2014-10-23,Red-tail Hawk,ACTIVE NEST,"786"
787,40.087506,-104.729942,2014-10-23,Swainsons Hawk,INACTIVE NEST,"787"
788,40.264754,-104.631865,2014-11-05,Red-tail Hawk,FLEDGED NEST,"788"
789,40.729246,-103.918744,2014-11-11,Swainsons Hawk,FLEDGED NEST,"789"
790,40.729836,-103.923553,2014-11-11,Red-tail Hawk,FLEDGED NEST,"790"
791,40.453482,-104.488994,2014-11-11,Swainsons Hawk,INACTIVE NEST,"791"
792,40.087489,-104.4095,2014-11-11,Swainsons Hawk,INACTIVE NEST,"792"
793,40.072156,-104.796309,2014-11-19,Swainsons Hawk,INACTIVE NEST,"793"
794,40.076749,-104.677829,2014-11-19,Swainsons Hawk,INACTIVE NEST,"794"
795,40.055624,-104.796365,2014-11-21,Swainsons Hawk,ACTIVE NEST,"795"
796,40.053865,-104.784128,2014-11-21,Red-tail Hawk,ACTIVE NEST,"796"
797,40.127057,-105.013789,2014-11-25,Swainsons Hawk,FLEDGED NEST,"797"
798,40.053594,-105.134785,2014-12-10,Red-tail Hawk,INACTIVE NEST,"798"
799,40.051317,-105.139356,2014-12-10,Red-tail Hawk,INACTIVE NEST,"799"
800,40.052144,-105.141104,2014-12-10,Red-tail Hawk,INACTIVE NEST,"800"
801,40.052009,-105.142373,2014-12-10,Swainsons Hawk,ACTIVE NEST,"801"
802,40.052003,-105.144326,2014-12-10,Red-tail Hawk,INACTIVE NEST,"802"
803,40.051657,-105.150116,2014-12-10,Swainsons Hawk,ACTIVE NEST,"803"
804,40.051158,-105.160108,2014-12-10,Red-tail Hawk,INACTIVE NEST,"804"
805,40.049217,-105.153237,2014-12-10,Red-tail Hawk,INACTIVE NEST,"805"
806,40.049147,-105.151991,2014-12-10,Red-tail Hawk,INACTIVE NEST,"806"
807,40.049775,-105.142429,2014-12-10,Swainsons Hawk,INACTIVE NEST,"807"
808,40.463831,-105.003302,2014-12-11,Red-tail Hawk,ACTIVE NEST,"808"
809,40.444,-105.022215,2014-12-11,Red-tail Hawk,FLEDGED NEST,"809"
810,40.46002,-105.098326,2014-12-11,Red-tail Hawk,INACTIVE NEST,"810"
811,40.460025,-105.098227,2014-12-11,Swainsons Hawk,FLEDGED NEST,"811"
812,40.455833,-105.093921,2014-12-11,Red-tail Hawk,INACTIVE NEST,"812"
813,40.453353,-105.097946,2014-12-11,Red-tail Hawk,INACTIVE NEST,"813"
814,40.087748,-104.429377,2015-01-06,Red-tail Hawk,INACTIVE NEST,"814"
815,40.087544,-104.511662,2015-01-08,Red-tail Hawk,INACTIVE NEST,"815"
816,40.086033,-104.527106,2015-01-08,Swainsons Hawk,INACTIVE NEST,"816"
817,40.348578,-104.436659,2015-01-14,Swainsons Hawk,INACTIVE NEST,"817"
818,40.208017,-104.615486,2015-01-16,Red-tail Hawk,INACTIVE NEST,"818"
819,40.211279,-104.61651,2015-01-16,Red-tail Hawk,INACTIVE NEST,"819"
820,40.188471,-104.617944,2015-01-16,Red-tail Hawk,FLEDGED NEST,"820"
821,40.356013,-104.436612,2015-01-19,Swainsons Hawk,FLEDGED NEST,"821"
822,40.350028,-104.418768,2015-03-31,Red-tail Hawk,FLEDGED NEST,"822"
823,40.114163,-104.895532,2015-01-21,Red-tail Hawk,INACTIVE NEST,"823"
824,40.1142,-104.895566,2015-01-21,Swainsons Hawk,INACTIVE NEST,"824"
825,40.114079,-104.894287,2015-01-21,Red-tail Hawk,ACTIVE NEST,"825"
826,40.098223,-104.788769,2015-06-23,Swainsons Hawk,FLEDGED NEST,"826"
827,40.030208,-104.858155,2015-01-28,Red-tail Hawk,ACTIVE NEST,"827"
828,40.045998,-104.864894,2015-01-28,Swainsons Hawk,INACTIVE NEST,"828"
829,40.046556,-104.863907,2015-01-28,Red-tail Hawk,INACTIVE NEST,"829"
830,40.041525,-104.855916,2015-01-28,Red-tail Hawk,ACTIVE NEST,"830"
831,40.056349,-104.706309,2015-02-06,Swainsons Hawk,INACTIVE NEST,"831"
832,40.057262,-104.708569,2015-03-16,Red-tail Hawk,FLEDGED NEST,"832"
833,40.057288,-104.708716,2015-03-16,Swainsons Hawk,ACTIVE NEST,"833"
834,40.057181,-104.708974,2015-03-16,Swainsons Hawk,INACTIVE NEST,"834"
835,40.211366,-104.911597,2015-02-09,Red-tail Hawk,FLEDGED NEST,"835"
836,40.211286,-104.911633,2015-02-09,Swainsons Hawk,INACTIVE NEST,"836"
837,40.032407,-104.66334,2015-02-09,Red-tail Hawk,INACTIVE NEST,"837"
838,40.057069,-104.820346,2015-02-12,Swainsons Hawk,INACTIVE NEST,"838"
839,40.057304,-104.821032,2015-02-12,Swainsons Hawk,INACTIVE NEST,"839"
840,40.139296,-104.993893,2015-02-18,Red-tail Hawk,INACTIVE NEST,"840"
841,40.151933,-104.980898,2015-02-20,Swainsons Hawk,INACTIVE NEST,"841"
842,40.014175,-105.126386,2015-02-20,Swainsons Hawk,FLEDGED NEST,"842"
843,40.007517,-105.119596,2015-02-20,Red-tail Hawk,INACTIVE NEST,"843"
844,40.014859,-105.11541,2015-02-20,Red-tail Hawk,INACTIVE NEST,"844"
845,40.010111,-105.121219,2015-02-20,Red-tail Hawk,FLEDGED NEST,"845"
846,40.009698,-105.113618,2015-02-20,Swainsons Hawk,INACTIVE NEST,"846"
847,40.055237,-104.986777,2015-02-24,Swainsons Hawk,FLEDGED NEST,"847"
848,40.140663,-104.676056,2015-03-19,Red-tail Hawk,INACTIVE NEST,"848"
849,40.125167,-104.669795,2015-07-09,Swainsons Hawk,FLEDGED NEST,"849"
851,40.145773,-104.841214,2015-06-12,Red-tail Hawk,FLEDGED NEST,"851"
852,40.144499,-104.839908,2015-06-12,Red-tail Hawk,INACTIVE NEST,"852"
853,40.145211,-104.83618,2015-03-13,Red-tail Hawk,INACTIVE NEST,"853"
854,40.139674,-104.836056,2015-03-13,Swainsons Hawk,ACTIVE NEST,"854"
855,40.131117,-104.745545,2015-03-16,Swainsons Hawk,ACTIVE NEST,"855"
856,40.211016,-104.599269,2015-05-22,Swainsons Hawk,COULD NOT SEE NEST,"856"
857,40.498638,-105.10217,2015-03-18,Red-tail Hawk,ACTIVE NEST,"857"
858,40.416655,-105.129483,2015-03-18,Swainsons Hawk,FLEDGED NEST,"858"
859,40.058621,-104.62285,2015-04-16,Red-tail Hawk,FLEDGED NEST,"859"
860,40.058602,-104.612157,2015-03-19,Red-tail Hawk,ACTIVE NEST,"860"
861,40.163707,-104.703622,2015-03-23,Red-tail Hawk,INACTIVE NEST,"861"
862,40.167149,-104.701369,2015-03-23,Red-tail Hawk,ACTIVE NEST,"862"
863,40.167166,-104.700325,2015-03-23,Red-tail Hawk,INACTIVE NEST,"863"
864,40.218405,-104.980569,2015-07-27,Red-tail Hawk,FLEDGED NEST,"864"
865,40.192682,-104.880386,2015-06-03,Red-tail Hawk,ACTIVE NEST,"865"
866,40.153187,-104.8346,2015-05-13,Swainsons Hawk,ACTIVE NEST,"866"
867,40.154771,-104.832801,2015-05-13,Red-tail Hawk,ACTIVE NEST,"867"
868,40.159337,-104.730777,2015-06-02,Red-tail Hawk,INACTIVE NEST,"868"
869,40.128012,-104.675725,2015-04-29,Swainsons Hawk,INACTIVE NEST,"869"
870,40.12105,-104.678276,2015-04-29,Red-tail Hawk,ACTIVE NEST,"870"
871,40.132081,-104.676521,2015-04-29,Swainsons Hawk,ACTIVE NEST,"871"
872,40.135098,-104.970502,2015-07-29,Swainsons Hawk,FLEDGED NEST,"872"
873,40.142579,-104.975146,2015-07-29,Swainsons Hawk,ACTIVE NEST,"873"
874,40.118346,-104.993852,2015-07-29,Swainsons Hawk,ACTIVE NEST,"874"
875,40.10994,-104.983845,2015-07-29,Swainsons Hawk,INACTIVE NEST,"875"
876,40.110156,-104.983312,2015-07-29,Red-tail Hawk,FLEDGED NEST,"876"
877,40.064131,-104.670375,2015-07-29,Swainsons Hawk,INACTIVE NEST,"877"
878,40.073284,-104.682972,2015-07-29,Red-tail Hawk,INACTIVE NEST,"878"
879,40.08895,-104.896209,2015-08-11,Red-tail Hawk,FLEDGED NEST,"879"
880,40.074107,-104.688067,2015-07-09,Red-tail Hawk,INACTIVE NEST,"880"
881,40.162751,-104.73058,2015-05-28,Swainsons Hawk,ACTIVE NEST,"881"
882,40.04562,-104.908517,2015-05-22,Red-tail Hawk,ACTIVE NEST,"882"
883,40.1099,-104.879429,2015-08-14,Red-tail Hawk,FLEDGED NEST,"883"
884,40.068421,-104.862728,2015-06-03,Red-tail Hawk,ACTIVE NEST,"884"
885,40.189083,-104.865355,2015-06-05,Red-tail Hawk,ACTIVE NEST,"885"
886,39.988339,-105.067373,2015-06-11,Swainsons Hawk,ACTIVE NEST,"886"
887,39.986753,-105.067144,2015-06-11,Swainsons Hawk,INACTIVE NEST,"887"
888,39.986721,-105.066816,2015-06-11,Red-tail Hawk,INACTIVE NEST,"888"
889,39.986176,-105.065648,2015-06-11,Red-tail Hawk,INACTIVE NEST,"889"
890,40.130182,-104.654085,2015-07-28,Swainsons Hawk,INACTIVE NEST,"890"
891,39.953605,-104.845677,2015-08-24,Red-tail Hawk,FLEDGED NEST,"891"
892,39.947835,-104.847082,2015-08-04,Swainsons Hawk,INACTIVE NEST,"892"
893,40.15454,-104.841188,2015-07-30,Red-tail Hawk,INACTIVE NEST,"893"
894,40.154797,-104.841198,2015-07-30,Red-tail Hawk,INACTIVE NEST,"894"
895,40.204491,-104.662237,2015-08-05,Swainsons Hawk,INACTIVE NEST,"895"
896,39.975339,-104.94509,2015-07-27,Swainsons Hawk,FLEDGED NEST,"896"
897,40.417061,-104.800156,2015-07-07,Red-tail Hawk,ACTIVE NEST,"897"
898,40.188867,-105.005624,2015-07-10,Red-tail Hawk,INACTIVE NEST,"898"
899,40.187254,-105.005608,2015-07-10,Swainsons Hawk,INACTIVE NEST,"899"
900,40.169258,-104.889567,2015-07-13,Swainsons Hawk,INACTIVE NEST,"900"
901,40.04328,-105.017857,2015-08-04,Red-tail Hawk,INACTIVE NEST,"901"
902,40.04519,-104.727397,2015-08-14,Swainsons Hawk,INACTIVE NEST,"902"
903,40.04469,-104.726963,2015-08-14,Red-tail Hawk,INACTIVE NEST,"903"
904,40.044586,-104.727664,2015-08-14,Red-tail Hawk,INACTIVE NEST,"904"
905,40.056013,-104.761654,2015-08-17,Red-tail Hawk,INACTIVE NEST,"905"
906,40.051193,-104.794308,2015-08-17,Red-tail Hawk,INACTIVE NEST,"906"
907,39.995541,-104.891149,2015-08-18,Red-tail Hawk,INACTIVE NEST,"907"
908,39.996516,-104.891649,2015-08-18,Red-tail Hawk,INACTIVE NEST,"908"
909,39.999138,-104.899116,2015-08-18,Swainsons Hawk,INACTIVE NEST,"909"
910,40.002516,-104.893713,2015-08-18,Red-tail Hawk,INACTIVE NEST,"910"
911,40.00695,-104.89437,2015-08-18,Red-tail Hawk,INACTIVE NEST,"911"
912,39.998876,-104.900128,2015-09-01,Red-tail Hawk,INACTIVE NEST,"912"
,,,2020-05-08,Northern Harrier,INACTIVE NEST,"9991"
,,,2020-05-05,SWHA,INACTIVE NEST,"1001"
,40.2438652032687,-104.937169536288,,RTHA,FLEDGED NEST,"1002"
